Date,Day,WeekDayName,Month,MonthName,Quarter,Year,IsWeekend,IsHoliday
2020-01-01,1,Wednesday,1,January,1,2020,0,0
2020-01-02,2,Thursday,1,January,1,2020,0,0
2020-01-03,3,Friday,1,January,1,2020,0,0
2020-01-04,4,Saturday,1,January,1,2020,1,0
2020-01-05,5,Sunday,1,January,1,2020,1,0
2020-01-06,6,Monday,1,January,1,2020,0,0
2020-01-07,7,Tuesday,1,January,1,2020,0,0
2020-01-08,8,Wednesday,1,January,1,2020,0,0
2020-01-09,9,Thursday,1,January,1,2020,0,0
2020-01-10,10,Friday,1,January,1,2020,0,0
2020-01-11,11,Saturday,1,January,1,2020,1,0
2020-01-12,12,Sunday,1,January,1,2020,1,0
2020-01-13,13,Monday,1,January,1,2020,0,0
2020-01-14,14,Tuesday,1,January,1,2020,0,0
2020-01-15,15,Wednesday,1,January,1,2020,0,0
2020-01-16,16,Thursday,1,January,1,2020,0,0
2020-01-17,17,Friday,1,January,1,2020,0,0
2020-01-18,18,Saturday,1,January,1,2020,1,0
2020-01-19,19,Sunday,1,January,1,2020,1,0
2020-01-20,20,Monday,1,January,1,2020,0,0
2020-01-21,21,Tuesday,1,January,1,2020,0,0
2020-01-22,22,Wednesday,1,January,1,2020,0,0
2020-01-23,23,Thursday,1,January,1,2020,0,0
2020-01-24,24,Friday,1,January,1,2020,0,0
2020-01-25,25,Saturday,1,January,1,2020,1,0
2020-01-26,26,Sunday,1,January,1,2020,1,0
2020-01-27,27,Monday,1,January,1,2020,0,0
2020-01-28,28,Tuesday,1,January,1,2020,0,0
2020-01-29,29,Wednesday,1,January,1,2020,0,0
2020-01-30,30,Thursday,1,January,1,2020,0,0
2020-01-31,31,Friday,1,January,1,2020,0,0
2020-02-01,1,Saturday,2,February,1,2020,1,0
2020-02-02,2,Sunday,2,February,1,2020,1,0
2020-02-03,3,Monday,2,February,1,2020,0,0
2020-02-04,4,Tuesday,2,February,1,2020,0,0
2020-02-05,5,Wednesday,2,February,1,2020,0,0
2020-02-06,6,Thursday,2,February,1,2020,0,0
2020-02-07,7,Friday,2,February,1,2020,0,0
2020-02-08,8,Saturday,2,February,1,2020,1,0
2020-02-09,9,Sunday,2,February,1,2020,1,0
2020-02-10,10,Monday,2,February,1,2020,0,0
2020-02-11,11,Tuesday,2,February,1,2020,0,0
2020-02-12,12,Wednesday,2,February,1,2020,0,0
2020-02-13,13,Thursday,2,February,1,2020,0,0
2020-02-14,14,Friday,2,February,1,2020,0,0
2020-02-15,15,Saturday,2,February,1,2020,1,0
2020-02-16,16,Sunday,2,February,1,2020,1,0
2020-02-17,17,Monday,2,February,1,2020,0,0
2020-02-18,18,Tuesday,2,February,1,2020,0,0
2020-02-19,19,Wednesday,2,February,1,2020,0,0
2020-02-20,20,Thursday,2,February,1,2020,0,0
2020-02-21,21,Friday,2,February,1,2020,0,0
2020-02-22,22,Saturday,2,February,1,2020,1,0
2020-02-23,23,Sunday,2,February,1,2020,1,0
2020-02-24,24,Monday,2,February,1,2020,0,0
2020-02-25,25,Tuesday,2,February,1,2020,0,0
2020-02-26,26,Wednesday,2,February,1,2020,0,0
2020-02-27,27,Thursday,2,February,1,2020,0,0
2020-02-28,28,Friday,2,February,1,2020,0,0
2020-02-29,29,Saturday,2,February,1,2020,1,0
2020-03-01,1,Sunday,3,March,1,2020,1,0
2020-03-02,2,Monday,3,March,1,2020,0,0
2020-03-03,3,Tuesday,3,March,1,2020,0,0
2020-03-04,4,Wednesday,3,March,1,2020,0,0
2020-03-05,5,Thursday,3,March,1,2020,0,0
2020-03-06,6,Friday,3,March,1,2020,0,0
2020-03-07,7,Saturday,3,March,1,2020,1,0
2020-03-08,8,Sunday,3,March,1,2020,1,0
2020-03-09,9,Monday,3,March,1,2020,0,0
2020-03-10,10,Tuesday,3,March,1,2020,0,0
2020-03-11,11,Wednesday,3,March,1,2020,0,0
2020-03-12,12,Thursday,3,March,1,2020,0,0
2020-03-13,13,Friday,3,March,1,2020,0,0
2020-03-14,14,Saturday,3,March,1,2020,1,0
2020-03-15,15,Sunday,3,March,1,2020,1,0
2020-03-16,16,Monday,3,March,1,2020,0,0
2020-03-17,17,Tuesday,3,March,1,2020,0,0
2020-03-18,18,Wednesday,3,March,1,2020,0,0
2020-03-19,19,Thursday,3,March,1,2020,0,0
2020-03-20,20,Friday,3,March,1,2020,0,0
2020-03-21,21,Saturday,3,March,1,2020,1,0
2020-03-22,22,Sunday,3,March,1,2020,1,0
2020-03-23,23,Monday,3,March,1,2020,0,0
2020-03-24,24,Tuesday,3,March,1,2020,0,0
2020-03-25,25,Wednesday,3,March,1,2020,0,0
2020-03-26,26,Thursday,3,March,1,2020,0,0
2020-03-27,27,Friday,3,March,1,2020,0,0
2020-03-28,28,Saturday,3,March,1,2020,1,0
2020-03-29,29,Sunday,3,March,1,2020,1,0
2020-03-30,30,Monday,3,March,1,2020,0,0
2020-03-31,31,Tuesday,3,March,1,2020,0,0
2020-04-01,1,Wednesday,4,April,2,2020,0,0
2020-04-02,2,Thursday,4,April,2,2020,0,0
2020-04-03,3,Friday,4,April,2,2020,0,0
2020-04-04,4,Saturday,4,April,2,2020,1,0
2020-04-05,5,Sunday,4,April,2,2020,1,0
2020-04-06,6,Monday,4,April,2,2020,0,0
2020-04-07,7,Tuesday,4,April,2,2020,0,0
2020-04-08,8,Wednesday,4,April,2,2020,0,0
2020-04-09,9,Thursday,4,April,2,2020,0,0
2020-04-10,10,Friday,4,April,2,2020,0,0
2020-04-11,11,Saturday,4,April,2,2020,1,0
2020-04-12,12,Sunday,4,April,2,2020,1,0
2020-04-13,13,Monday,4,April,2,2020,0,0
2020-04-14,14,Tuesday,4,April,2,2020,0,0
2020-04-15,15,Wednesday,4,April,2,2020,0,0
2020-04-16,16,Thursday,4,April,2,2020,0,0
2020-04-17,17,Friday,4,April,2,2020,0,0
2020-04-18,18,Saturday,4,April,2,2020,1,0
2020-04-19,19,Sunday,4,April,2,2020,1,0
2020-04-20,20,Monday,4,April,2,2020,0,0
2020-04-21,21,Tuesday,4,April,2,2020,0,0
2020-04-22,22,Wednesday,4,April,2,2020,0,0
2020-04-23,23,Thursday,4,April,2,2020,0,0
2020-04-24,24,Friday,4,April,2,2020,0,0
2020-04-25,25,Saturday,4,April,2,2020,1,0
2020-04-26,26,Sunday,4,April,2,2020,1,0
2020-04-27,27,Monday,4,April,2,2020,0,0
2020-04-28,28,Tuesday,4,April,2,2020,0,0
2020-04-29,29,Wednesday,4,April,2,2020,0,0
2020-04-30,30,Thursday,4,April,2,2020,0,0
2020-05-01,1,Friday,5,May,2,2020,0,0
2020-05-02,2,Saturday,5,May,2,2020,1,0
2020-05-03,3,Sunday,5,May,2,2020,1,0
2020-05-04,4,Monday,5,May,2,2020,0,0
2020-05-05,5,Tuesday,5,May,2,2020,0,0
2020-05-06,6,Wednesday,5,May,2,2020,0,0
2020-05-07,7,Thursday,5,May,2,2020,0,0
2020-05-08,8,Friday,5,May,2,2020,0,0
2020-05-09,9,Saturday,5,May,2,2020,1,0
2020-05-10,10,Sunday,5,May,2,2020,1,0
2020-05-11,11,Monday,5,May,2,2020,0,0
2020-05-12,12,Tuesday,5,May,2,2020,0,0
2020-05-13,13,Wednesday,5,May,2,2020,0,0
2020-05-14,14,Thursday,5,May,2,2020,0,0
2020-05-15,15,Friday,5,May,2,2020,0,0
2020-05-16,16,Saturday,5,May,2,2020,1,0
2020-05-17,17,Sunday,5,May,2,2020,1,0
2020-05-18,18,Monday,5,May,2,2020,0,0
2020-05-19,19,Tuesday,5,May,2,2020,0,0
2020-05-20,20,Wednesday,5,May,2,2020,0,0
2020-05-21,21,Thursday,5,May,2,2020,0,0
2020-05-22,22,Friday,5,May,2,2020,0,0
2020-05-23,23,Saturday,5,May,2,2020,1,0
2020-05-24,24,Sunday,5,May,2,2020,1,0
2020-05-25,25,Monday,5,May,2,2020,0,0
2020-05-26,26,Tuesday,5,May,2,2020,0,0
2020-05-27,27,Wednesday,5,May,2,2020,0,0
2020-05-28,28,Thursday,5,May,2,2020,0,0
2020-05-29,29,Friday,5,May,2,2020,0,0
2020-05-30,30,Saturday,5,May,2,2020,1,0
2020-05-31,31,Sunday,5,May,2,2020,1,0
2020-06-01,1,Monday,6,June,2,2020,0,0
2020-06-02,2,Tuesday,6,June,2,2020,0,0
2020-06-03,3,Wednesday,6,June,2,2020,0,0
2020-06-04,4,Thursday,6,June,2,2020,0,0
2020-06-05,5,Friday,6,June,2,2020,0,0
2020-06-06,6,Saturday,6,June,2,2020,1,0
2020-06-07,7,Sunday,6,June,2,2020,1,0
2020-06-08,8,Monday,6,June,2,2020,0,0
2020-06-09,9,Tuesday,6,June,2,2020,0,0
2020-06-10,10,Wednesday,6,June,2,2020,0,0
2020-06-11,11,Thursday,6,June,2,2020,0,0
2020-06-12,12,Friday,6,June,2,2020,0,0
2020-06-13,13,Saturday,6,June,2,2020,1,0
2020-06-14,14,Sunday,6,June,2,2020,1,0
2020-06-15,15,Monday,6,June,2,2020,0,0
2020-06-16,16,Tuesday,6,June,2,2020,0,0
2020-06-17,17,Wednesday,6,June,2,2020,0,0
2020-06-18,18,Thursday,6,June,2,2020,0,0
2020-06-19,19,Friday,6,June,2,2020,0,0
2020-06-20,20,Saturday,6,June,2,2020,1,0
2020-06-21,21,Sunday,6,June,2,2020,1,0
2020-06-22,22,Monday,6,June,2,2020,0,0
2020-06-23,23,Tuesday,6,June,2,2020,0,0
2020-06-24,24,Wednesday,6,June,2,2020,0,0
2020-06-25,25,Thursday,6,June,2,2020,0,0
2020-06-26,26,Friday,6,June,2,2020,0,0
2020-06-27,27,Saturday,6,June,2,2020,1,0
2020-06-28,28,Sunday,6,June,2,2020,1,0
2020-06-29,29,Monday,6,June,2,2020,0,0
2020-06-30,30,Tuesday,6,June,2,2020,0,0
2020-07-01,1,Wednesday,7,July,3,2020,0,0
2020-07-02,2,Thursday,7,July,3,2020,0,0
2020-07-03,3,Friday,7,July,3,2020,0,0
2020-07-04,4,Saturday,7,July,3,2020,1,0
2020-07-05,5,Sunday,7,July,3,2020,1,0
2020-07-06,6,Monday,7,July,3,2020,0,0
2020-07-07,7,Tuesday,7,July,3,2020,0,0
2020-07-08,8,Wednesday,7,July,3,2020,0,0
2020-07-09,9,Thursday,7,July,3,2020,0,0
2020-07-10,10,Friday,7,July,3,2020,0,0
2020-07-11,11,Saturday,7,July,3,2020,1,0
2020-07-12,12,Sunday,7,July,3,2020,1,0
2020-07-13,13,Monday,7,July,3,2020,0,0
2020-07-14,14,Tuesday,7,July,3,2020,0,0
2020-07-15,15,Wednesday,7,July,3,2020,0,0
2020-07-16,16,Thursday,7,July,3,2020,0,0
2020-07-17,17,Friday,7,July,3,2020,0,0
2020-07-18,18,Saturday,7,July,3,2020,1,0
2020-07-19,19,Sunday,7,July,3,2020,1,0
2020-07-20,20,Monday,7,July,3,2020,0,0
2020-07-21,21,Tuesday,7,July,3,2020,0,0
2020-07-22,22,Wednesday,7,July,3,2020,0,0
2020-07-23,23,Thursday,7,July,3,2020,0,0
2020-07-24,24,Friday,7,July,3,2020,0,0
2020-07-25,25,Saturday,7,July,3,2020,1,0
2020-07-26,26,Sunday,7,July,3,2020,1,0
2020-07-27,27,Monday,7,July,3,2020,0,0
2020-07-28,28,Tuesday,7,July,3,2020,0,0
2020-07-29,29,Wednesday,7,July,3,2020,0,0
2020-07-30,30,Thursday,7,July,3,2020,0,0
2020-07-31,31,Friday,7,July,3,2020,0,0
2020-08-01,1,Saturday,8,August,3,2020,1,0
2020-08-02,2,Sunday,8,August,3,2020,1,0
2020-08-03,3,Monday,8,August,3,2020,0,0
2020-08-04,4,Tuesday,8,August,3,2020,0,0
2020-08-05,5,Wednesday,8,August,3,2020,0,0
2020-08-06,6,Thursday,8,August,3,2020,0,0
2020-08-07,7,Friday,8,August,3,2020,0,0
2020-08-08,8,Saturday,8,August,3,2020,1,0
2020-08-09,9,Sunday,8,August,3,2020,1,0
2020-08-10,10,Monday,8,August,3,2020,0,0
2020-08-11,11,Tuesday,8,August,3,2020,0,0
2020-08-12,12,Wednesday,8,August,3,2020,0,0
2020-08-13,13,Thursday,8,August,3,2020,0,0
2020-08-14,14,Friday,8,August,3,2020,0,0
2020-08-15,15,Saturday,8,August,3,2020,1,0
2020-08-16,16,Sunday,8,August,3,2020,1,0
2020-08-17,17,Monday,8,August,3,2020,0,0
2020-08-18,18,Tuesday,8,August,3,2020,0,0
2020-08-19,19,Wednesday,8,August,3,2020,0,0
2020-08-20,20,Thursday,8,August,3,2020,0,0
2020-08-21,21,Friday,8,August,3,2020,0,0
2020-08-22,22,Saturday,8,August,3,2020,1,0
2020-08-23,23,Sunday,8,August,3,2020,1,0
2020-08-24,24,Monday,8,August,3,2020,0,0
2020-08-25,25,Tuesday,8,August,3,2020,0,0
2020-08-26,26,Wednesday,8,August,3,2020,0,0
2020-08-27,27,Thursday,8,August,3,2020,0,0
2020-08-28,28,Friday,8,August,3,2020,0,0
2020-08-29,29,Saturday,8,August,3,2020,1,0
2020-08-30,30,Sunday,8,August,3,2020,1,0
2020-08-31,31,Monday,8,August,3,2020,0,0
2020-09-01,1,Tuesday,9,September,3,2020,0,0
2020-09-02,2,Wednesday,9,September,3,2020,0,0
2020-09-03,3,Thursday,9,September,3,2020,0,0
2020-09-04,4,Friday,9,September,3,2020,0,0
2020-09-05,5,Saturday,9,September,3,2020,1,0
2020-09-06,6,Sunday,9,September,3,2020,1,0
2020-09-07,7,Monday,9,September,3,2020,0,0
2020-09-08,8,Tuesday,9,September,3,2020,0,0
2020-09-09,9,Wednesday,9,September,3,2020,0,0
2020-09-10,10,Thursday,9,September,3,2020,0,0
2020-09-11,11,Friday,9,September,3,2020,0,0
2020-09-12,12,Saturday,9,September,3,2020,1,0
2020-09-13,13,Sunday,9,September,3,2020,1,0
2020-09-14,14,Monday,9,September,3,2020,0,0
2020-09-15,15,Tuesday,9,September,3,2020,0,0
2020-09-16,16,Wednesday,9,September,3,2020,0,0
2020-09-17,17,Thursday,9,September,3,2020,0,0
2020-09-18,18,Friday,9,September,3,2020,0,0
2020-09-19,19,Saturday,9,September,3,2020,1,0
2020-09-20,20,Sunday,9,September,3,2020,1,0
2020-09-21,21,Monday,9,September,3,2020,0,0
2020-09-22,22,Tuesday,9,September,3,2020,0,0
2020-09-23,23,Wednesday,9,September,3,2020,0,0
2020-09-24,24,Thursday,9,September,3,2020,0,0
2020-09-25,25,Friday,9,September,3,2020,0,0
2020-09-26,26,Saturday,9,September,3,2020,1,0
2020-09-27,27,Sunday,9,September,3,2020,1,0
2020-09-28,28,Monday,9,September,3,2020,0,0
2020-09-29,29,Tuesday,9,September,3,2020,0,0
2020-09-30,30,Wednesday,9,September,3,2020,0,0
2020-10-01,1,Thursday,10,October,4,2020,0,0
2020-10-02,2,Friday,10,October,4,2020,0,0
2020-10-03,3,Saturday,10,October,4,2020,1,0
2020-10-04,4,Sunday,10,October,4,2020,1,0
2020-10-05,5,Monday,10,October,4,2020,0,0
2020-10-06,6,Tuesday,10,October,4,2020,0,0
2020-10-07,7,Wednesday,10,October,4,2020,0,0
2020-10-08,8,Thursday,10,October,4,2020,0,0
2020-10-09,9,Friday,10,October,4,2020,0,0
2020-10-10,10,Saturday,10,October,4,2020,1,0
2020-10-11,11,Sunday,10,October,4,2020,1,0
2020-10-12,12,Monday,10,October,4,2020,0,0
2020-10-13,13,Tuesday,10,October,4,2020,0,0
2020-10-14,14,Wednesday,10,October,4,2020,0,0
2020-10-15,15,Thursday,10,October,4,2020,0,0
2020-10-16,16,Friday,10,October,4,2020,0,0
2020-10-17,17,Saturday,10,October,4,2020,1,0
2020-10-18,18,Sunday,10,October,4,2020,1,0
2020-10-19,19,Monday,10,October,4,2020,0,0
2020-10-20,20,Tuesday,10,October,4,2020,0,0
2020-10-21,21,Wednesday,10,October,4,2020,0,0
2020-10-22,22,Thursday,10,October,4,2020,0,0
2020-10-23,23,Friday,10,October,4,2020,0,0
2020-10-24,24,Saturday,10,October,4,2020,1,0
2020-10-25,25,Sunday,10,October,4,2020,1,0
2020-10-26,26,Monday,10,October,4,2020,0,0
2020-10-27,27,Tuesday,10,October,4,2020,0,0
2020-10-28,28,Wednesday,10,October,4,2020,0,0
2020-10-29,29,Thursday,10,October,4,2020,0,0
2020-10-30,30,Friday,10,October,4,2020,0,0
2020-10-31,31,Saturday,10,October,4,2020,1,0
2020-11-01,1,Sunday,11,November,4,2020,1,0
2020-11-02,2,Monday,11,November,4,2020,0,0
2020-11-03,3,Tuesday,11,November,4,2020,0,0
2020-11-04,4,Wednesday,11,November,4,2020,0,0
2020-11-05,5,Thursday,11,November,4,2020,0,0
2020-11-06,6,Friday,11,November,4,2020,0,0
2020-11-07,7,Saturday,11,November,4,2020,1,0
2020-11-08,8,Sunday,11,November,4,2020,1,0
2020-11-09,9,Monday,11,November,4,2020,0,0
2020-11-10,10,Tuesday,11,November,4,2020,0,0
2020-11-11,11,Wednesday,11,November,4,2020,0,0
2020-11-12,12,Thursday,11,November,4,2020,0,0
2020-11-13,13,Friday,11,November,4,2020,0,0
2020-11-14,14,Saturday,11,November,4,2020,1,0
2020-11-15,15,Sunday,11,November,4,2020,1,0
2020-11-16,16,Monday,11,November,4,2020,0,0
2020-11-17,17,Tuesday,11,November,4,2020,0,0
2020-11-18,18,Wednesday,11,November,4,2020,0,0
2020-11-19,19,Thursday,11,November,4,2020,0,0
2020-11-20,20,Friday,11,November,4,2020,0,0
2020-11-21,21,Saturday,11,November,4,2020,1,0
2020-11-22,22,Sunday,11,November,4,2020,1,0
2020-11-23,23,Monday,11,November,4,2020,0,0
2020-11-24,24,Tuesday,11,November,4,2020,0,0
2020-11-25,25,Wednesday,11,November,4,2020,0,0
2020-11-26,26,Thursday,11,November,4,2020,0,0
2020-11-27,27,Friday,11,November,4,2020,0,0
2020-11-28,28,Saturday,11,November,4,2020,1,0
2020-11-29,29,Sunday,11,November,4,2020,1,0
2020-11-30,30,Monday,11,November,4,2020,0,0
2020-12-01,1,Tuesday,12,December,4,2020,0,0
2020-12-02,2,Wednesday,12,December,4,2020,0,0
2020-12-03,3,Thursday,12,December,4,2020,0,0
2020-12-04,4,Friday,12,December,4,2020,0,0
2020-12-05,5,Saturday,12,December,4,2020,1,0
2020-12-06,6,Sunday,12,December,4,2020,1,0
2020-12-07,7,Monday,12,December,4,2020,0,0
2020-12-08,8,Tuesday,12,December,4,2020,0,0
2020-12-09,9,Wednesday,12,December,4,2020,0,0
2020-12-10,10,Thursday,12,December,4,2020,0,0
2020-12-11,11,Friday,12,December,4,2020,0,0
2020-12-12,12,Saturday,12,December,4,2020,1,0
2020-12-13,13,Sunday,12,December,4,2020,1,0
2020-12-14,14,Monday,12,December,4,2020,0,0
2020-12-15,15,Tuesday,12,December,4,2020,0,0
2020-12-16,16,Wednesday,12,December,4,2020,0,0
2020-12-17,17,Thursday,12,December,4,2020,0,0
2020-12-18,18,Friday,12,December,4,2020,0,0
2020-12-19,19,Saturday,12,December,4,2020,1,0
2020-12-20,20,Sunday,12,December,4,2020,1,0
2020-12-21,21,Monday,12,December,4,2020,0,0
2020-12-22,22,Tuesday,12,December,4,2020,0,0
2020-12-23,23,Wednesday,12,December,4,2020,0,0
2020-12-24,24,Thursday,12,December,4,2020,0,0
2020-12-25,25,Friday,12,December,4,2020,0,0
2020-12-26,26,Saturday,12,December,4,2020,1,0
2020-12-27,27,Sunday,12,December,4,2020,1,0
2020-12-28,28,Monday,12,December,4,2020,0,0
2020-12-29,29,Tuesday,12,December,4,2020,0,0
2020-12-30,30,Wednesday,12,December,4,2020,0,0
2020-12-31,31,Thursday,12,December,4,2020,0,0
2021-01-01,1,Friday,1,January,1,2021,0,0
2021-01-02,2,Saturday,1,January,1,2021,1,0
2021-01-03,3,Sunday,1,January,1,2021,1,0
2021-01-04,4,Monday,1,January,1,2021,0,0
2021-01-05,5,Tuesday,1,January,1,2021,0,0
2021-01-06,6,Wednesday,1,January,1,2021,0,0
2021-01-07,7,Thursday,1,January,1,2021,0,0
2021-01-08,8,Friday,1,January,1,2021,0,0
2021-01-09,9,Saturday,1,January,1,2021,1,0
2021-01-10,10,Sunday,1,January,1,2021,1,0
2021-01-11,11,Monday,1,January,1,2021,0,0
2021-01-12,12,Tuesday,1,January,1,2021,0,0
2021-01-13,13,Wednesday,1,January,1,2021,0,0
2021-01-14,14,Thursday,1,January,1,2021,0,0
2021-01-15,15,Friday,1,January,1,2021,0,0
2021-01-16,16,Saturday,1,January,1,2021,1,0
2021-01-17,17,Sunday,1,January,1,2021,1,0
2021-01-18,18,Monday,1,January,1,2021,0,0
2021-01-19,19,Tuesday,1,January,1,2021,0,0
2021-01-20,20,Wednesday,1,January,1,2021,0,0
2021-01-21,21,Thursday,1,January,1,2021,0,0
2021-01-22,22,Friday,1,January,1,2021,0,0
2021-01-23,23,Saturday,1,January,1,2021,1,0
2021-01-24,24,Sunday,1,January,1,2021,1,0
2021-01-25,25,Monday,1,January,1,2021,0,0
2021-01-26,26,Tuesday,1,January,1,2021,0,0
2021-01-27,27,Wednesday,1,January,1,2021,0,0
2021-01-28,28,Thursday,1,January,1,2021,0,0
2021-01-29,29,Friday,1,January,1,2021,0,0
2021-01-30,30,Saturday,1,January,1,2021,1,0
2021-01-31,31,Sunday,1,January,1,2021,1,0
2021-02-01,1,Monday,2,February,1,2021,0,0
2021-02-02,2,Tuesday,2,February,1,2021,0,0
2021-02-03,3,Wednesday,2,February,1,2021,0,0
2021-02-04,4,Thursday,2,February,1,2021,0,0
2021-02-05,5,Friday,2,February,1,2021,0,0
2021-02-06,6,Saturday,2,February,1,2021,1,0
2021-02-07,7,Sunday,2,February,1,2021,1,0
2021-02-08,8,Monday,2,February,1,2021,0,0
2021-02-09,9,Tuesday,2,February,1,2021,0,0
2021-02-10,10,Wednesday,2,February,1,2021,0,0
2021-02-11,11,Thursday,2,February,1,2021,0,0
2021-02-12,12,Friday,2,February,1,2021,0,0
2021-02-13,13,Saturday,2,February,1,2021,1,0
2021-02-14,14,Sunday,2,February,1,2021,1,0
2021-02-15,15,Monday,2,February,1,2021,0,0
2021-02-16,16,Tuesday,2,February,1,2021,0,0
2021-02-17,17,Wednesday,2,February,1,2021,0,0
2021-02-18,18,Thursday,2,February,1,2021,0,0
2021-02-19,19,Friday,2,February,1,2021,0,0
2021-02-20,20,Saturday,2,February,1,2021,1,0
2021-02-21,21,Sunday,2,February,1,2021,1,0
2021-02-22,22,Monday,2,February,1,2021,0,0
2021-02-23,23,Tuesday,2,February,1,2021,0,0
2021-02-24,24,Wednesday,2,February,1,2021,0,0
2021-02-25,25,Thursday,2,February,1,2021,0,0
2021-02-26,26,Friday,2,February,1,2021,0,0
2021-02-27,27,Saturday,2,February,1,2021,1,0
2021-02-28,28,Sunday,2,February,1,2021,1,0
2021-03-01,1,Monday,3,March,1,2021,0,0
2021-03-02,2,Tuesday,3,March,1,2021,0,0
2021-03-03,3,Wednesday,3,March,1,2021,0,0
2021-03-04,4,Thursday,3,March,1,2021,0,0
2021-03-05,5,Friday,3,March,1,2021,0,0
2021-03-06,6,Saturday,3,March,1,2021,1,0
2021-03-07,7,Sunday,3,March,1,2021,1,0
2021-03-08,8,Monday,3,March,1,2021,0,0
2021-03-09,9,Tuesday,3,March,1,2021,0,0
2021-03-10,10,Wednesday,3,March,1,2021,0,0
2021-03-11,11,Thursday,3,March,1,2021,0,0
2021-03-12,12,Friday,3,March,1,2021,0,0
2021-03-13,13,Saturday,3,March,1,2021,1,0
2021-03-14,14,Sunday,3,March,1,2021,1,0
2021-03-15,15,Monday,3,March,1,2021,0,0
2021-03-16,16,Tuesday,3,March,1,2021,0,0
2021-03-17,17,Wednesday,3,March,1,2021,0,0
2021-03-18,18,Thursday,3,March,1,2021,0,0
2021-03-19,19,Friday,3,March,1,2021,0,0
2021-03-20,20,Saturday,3,March,1,2021,1,0
2021-03-21,21,Sunday,3,March,1,2021,1,0
2021-03-22,22,Monday,3,March,1,2021,0,0
2021-03-23,23,Tuesday,3,March,1,2021,0,0
2021-03-24,24,Wednesday,3,March,1,2021,0,0
2021-03-25,25,Thursday,3,March,1,2021,0,0
2021-03-26,26,Friday,3,March,1,2021,0,0
2021-03-27,27,Saturday,3,March,1,2021,1,0
2021-03-28,28,Sunday,3,March,1,2021,1,0
2021-03-29,29,Monday,3,March,1,2021,0,0
2021-03-30,30,Tuesday,3,March,1,2021,0,0
2021-03-31,31,Wednesday,3,March,1,2021,0,0
2021-04-01,1,Thursday,4,April,2,2021,0,0
2021-04-02,2,Friday,4,April,2,2021,0,0
2021-04-03,3,Saturday,4,April,2,2021,1,0
2021-04-04,4,Sunday,4,April,2,2021,1,0
2021-04-05,5,Monday,4,April,2,2021,0,0
2021-04-06,6,Tuesday,4,April,2,2021,0,0
2021-04-07,7,Wednesday,4,April,2,2021,0,0
2021-04-08,8,Thursday,4,April,2,2021,0,0
2021-04-09,9,Friday,4,April,2,2021,0,0
2021-04-10,10,Saturday,4,April,2,2021,1,0
2021-04-11,11,Sunday,4,April,2,2021,1,0
2021-04-12,12,Monday,4,April,2,2021,0,0
2021-04-13,13,Tuesday,4,April,2,2021,0,0
2021-04-14,14,Wednesday,4,April,2,2021,0,0
2021-04-15,15,Thursday,4,April,2,2021,0,0
2021-04-16,16,Friday,4,April,2,2021,0,0
2021-04-17,17,Saturday,4,April,2,2021,1,0
2021-04-18,18,Sunday,4,April,2,2021,1,0
2021-04-19,19,Monday,4,April,2,2021,0,0
2021-04-20,20,Tuesday,4,April,2,2021,0,0
2021-04-21,21,Wednesday,4,April,2,2021,0,0
2021-04-22,22,Thursday,4,April,2,2021,0,0
2021-04-23,23,Friday,4,April,2,2021,0,0
2021-04-24,24,Saturday,4,April,2,2021,1,0
2021-04-25,25,Sunday,4,April,2,2021,1,0
2021-04-26,26,Monday,4,April,2,2021,0,0
2021-04-27,27,Tuesday,4,April,2,2021,0,0
2021-04-28,28,Wednesday,4,April,2,2021,0,0
2021-04-29,29,Thursday,4,April,2,2021,0,0
2021-04-30,30,Friday,4,April,2,2021,0,0
2021-05-01,1,Saturday,5,May,2,2021,1,0
2021-05-02,2,Sunday,5,May,2,2021,1,0
2021-05-03,3,Monday,5,May,2,2021,0,0
2021-05-04,4,Tuesday,5,May,2,2021,0,0
2021-05-05,5,Wednesday,5,May,2,2021,0,0
2021-05-06,6,Thursday,5,May,2,2021,0,0
2021-05-07,7,Friday,5,May,2,2021,0,0
2021-05-08,8,Saturday,5,May,2,2021,1,0
2021-05-09,9,Sunday,5,May,2,2021,1,0
2021-05-10,10,Monday,5,May,2,2021,0,0
2021-05-11,11,Tuesday,5,May,2,2021,0,0
2021-05-12,12,Wednesday,5,May,2,2021,0,0
2021-05-13,13,Thursday,5,May,2,2021,0,0
2021-05-14,14,Friday,5,May,2,2021,0,0
2021-05-15,15,Saturday,5,May,2,2021,1,0
2021-05-16,16,Sunday,5,May,2,2021,1,0
2021-05-17,17,Monday,5,May,2,2021,0,0
2021-05-18,18,Tuesday,5,May,2,2021,0,0
2021-05-19,19,Wednesday,5,May,2,2021,0,0
2021-05-20,20,Thursday,5,May,2,2021,0,0
2021-05-21,21,Friday,5,May,2,2021,0,0
2021-05-22,22,Saturday,5,May,2,2021,1,0
2021-05-23,23,Sunday,5,May,2,2021,1,0
2021-05-24,24,Monday,5,May,2,2021,0,0
2021-05-25,25,Tuesday,5,May,2,2021,0,0
2021-05-26,26,Wednesday,5,May,2,2021,0,0
2021-05-27,27,Thursday,5,May,2,2021,0,0
2021-05-28,28,Friday,5,May,2,2021,0,0
2021-05-29,29,Saturday,5,May,2,2021,1,0
2021-05-30,30,Sunday,5,May,2,2021,1,0
2021-05-31,31,Monday,5,May,2,2021,0,0
2021-06-01,1,Tuesday,6,June,2,2021,0,0
2021-06-02,2,Wednesday,6,June,2,2021,0,0
2021-06-03,3,Thursday,6,June,2,2021,0,0
2021-06-04,4,Friday,6,June,2,2021,0,0
2021-06-05,5,Saturday,6,June,2,2021,1,0
2021-06-06,6,Sunday,6,June,2,2021,1,0
2021-06-07,7,Monday,6,June,2,2021,0,0
2021-06-08,8,Tuesday,6,June,2,2021,0,0
2021-06-09,9,Wednesday,6,June,2,2021,0,0
2021-06-10,10,Thursday,6,June,2,2021,0,0
2021-06-11,11,Friday,6,June,2,2021,0,0
2021-06-12,12,Saturday,6,June,2,2021,1,0
2021-06-13,13,Sunday,6,June,2,2021,1,0
2021-06-14,14,Monday,6,June,2,2021,0,0
2021-06-15,15,Tuesday,6,June,2,2021,0,0
2021-06-16,16,Wednesday,6,June,2,2021,0,0
2021-06-17,17,Thursday,6,June,2,2021,0,0
2021-06-18,18,Friday,6,June,2,2021,0,0
2021-06-19,19,Saturday,6,June,2,2021,1,0
2021-06-20,20,Sunday,6,June,2,2021,1,0
2021-06-21,21,Monday,6,June,2,2021,0,0
2021-06-22,22,Tuesday,6,June,2,2021,0,0
2021-06-23,23,Wednesday,6,June,2,2021,0,0
2021-06-24,24,Thursday,6,June,2,2021,0,0
2021-06-25,25,Friday,6,June,2,2021,0,0
2021-06-26,26,Saturday,6,June,2,2021,1,0
2021-06-27,27,Sunday,6,June,2,2021,1,0
2021-06-28,28,Monday,6,June,2,2021,0,0
2021-06-29,29,Tuesday,6,June,2,2021,0,0
2021-06-30,30,Wednesday,6,June,2,2021,0,0
2021-07-01,1,Thursday,7,July,3,2021,0,0
2021-07-02,2,Friday,7,July,3,2021,0,0
2021-07-03,3,Saturday,7,July,3,2021,1,0
2021-07-04,4,Sunday,7,July,3,2021,1,0
2021-07-05,5,Monday,7,July,3,2021,0,0
2021-07-06,6,Tuesday,7,July,3,2021,0,0
2021-07-07,7,Wednesday,7,July,3,2021,0,0
2021-07-08,8,Thursday,7,July,3,2021,0,0
2021-07-09,9,Friday,7,July,3,2021,0,0
2021-07-10,10,Saturday,7,July,3,2021,1,0
2021-07-11,11,Sunday,7,July,3,2021,1,0
2021-07-12,12,Monday,7,July,3,2021,0,0
2021-07-13,13,Tuesday,7,July,3,2021,0,0
2021-07-14,14,Wednesday,7,July,3,2021,0,0
2021-07-15,15,Thursday,7,July,3,2021,0,0
2021-07-16,16,Friday,7,July,3,2021,0,0
2021-07-17,17,Saturday,7,July,3,2021,1,0
2021-07-18,18,Sunday,7,July,3,2021,1,0
2021-07-19,19,Monday,7,July,3,2021,0,0
2021-07-20,20,Tuesday,7,July,3,2021,0,0
2021-07-21,21,Wednesday,7,July,3,2021,0,0
2021-07-22,22,Thursday,7,July,3,2021,0,0
2021-07-23,23,Friday,7,July,3,2021,0,0
2021-07-24,24,Saturday,7,July,3,2021,1,0
2021-07-25,25,Sunday,7,July,3,2021,1,0
2021-07-26,26,Monday,7,July,3,2021,0,0
2021-07-27,27,Tuesday,7,July,3,2021,0,0
2021-07-28,28,Wednesday,7,July,3,2021,0,0
2021-07-29,29,Thursday,7,July,3,2021,0,0
2021-07-30,30,Friday,7,July,3,2021,0,0
2021-07-31,31,Saturday,7,July,3,2021,1,0
2021-08-01,1,Sunday,8,August,3,2021,1,0
2021-08-02,2,Monday,8,August,3,2021,0,0
2021-08-03,3,Tuesday,8,August,3,2021,0,0
2021-08-04,4,Wednesday,8,August,3,2021,0,0
2021-08-05,5,Thursday,8,August,3,2021,0,0
2021-08-06,6,Friday,8,August,3,2021,0,0
2021-08-07,7,Saturday,8,August,3,2021,1,0
2021-08-08,8,Sunday,8,August,3,2021,1,0
2021-08-09,9,Monday,8,August,3,2021,0,0
2021-08-10,10,Tuesday,8,August,3,2021,0,0
2021-08-11,11,Wednesday,8,August,3,2021,0,0
2021-08-12,12,Thursday,8,August,3,2021,0,0
2021-08-13,13,Friday,8,August,3,2021,0,0
2021-08-14,14,Saturday,8,August,3,2021,1,0
2021-08-15,15,Sunday,8,August,3,2021,1,0
2021-08-16,16,Monday,8,August,3,2021,0,0
2021-08-17,17,Tuesday,8,August,3,2021,0,0
2021-08-18,18,Wednesday,8,August,3,2021,0,0
2021-08-19,19,Thursday,8,August,3,2021,0,0
2021-08-20,20,Friday,8,August,3,2021,0,0
2021-08-21,21,Saturday,8,August,3,2021,1,0
2021-08-22,22,Sunday,8,August,3,2021,1,0
2021-08-23,23,Monday,8,August,3,2021,0,0
2021-08-24,24,Tuesday,8,August,3,2021,0,0
2021-08-25,25,Wednesday,8,August,3,2021,0,0
2021-08-26,26,Thursday,8,August,3,2021,0,0
2021-08-27,27,Friday,8,August,3,2021,0,0
2021-08-28,28,Saturday,8,August,3,2021,1,0
2021-08-29,29,Sunday,8,August,3,2021,1,0
2021-08-30,30,Monday,8,August,3,2021,0,0
2021-08-31,31,Tuesday,8,August,3,2021,0,0
2021-09-01,1,Wednesday,9,September,3,2021,0,0
2021-09-02,2,Thursday,9,September,3,2021,0,0
2021-09-03,3,Friday,9,September,3,2021,0,0
2021-09-04,4,Saturday,9,September,3,2021,1,0
2021-09-05,5,Sunday,9,September,3,2021,1,0
2021-09-06,6,Monday,9,September,3,2021,0,0
2021-09-07,7,Tuesday,9,September,3,2021,0,0
2021-09-08,8,Wednesday,9,September,3,2021,0,0
2021-09-09,9,Thursday,9,September,3,2021,0,0
2021-09-10,10,Friday,9,September,3,2021,0,0
2021-09-11,11,Saturday,9,September,3,2021,1,0
2021-09-12,12,Sunday,9,September,3,2021,1,0
2021-09-13,13,Monday,9,September,3,2021,0,0
2021-09-14,14,Tuesday,9,September,3,2021,0,0
2021-09-15,15,Wednesday,9,September,3,2021,0,0
2021-09-16,16,Thursday,9,September,3,2021,0,0
2021-09-17,17,Friday,9,September,3,2021,0,0
2021-09-18,18,Saturday,9,September,3,2021,1,0
2021-09-19,19,Sunday,9,September,3,2021,1,0
2021-09-20,20,Monday,9,September,3,2021,0,0
2021-09-21,21,Tuesday,9,September,3,2021,0,0
2021-09-22,22,Wednesday,9,September,3,2021,0,0
2021-09-23,23,Thursday,9,September,3,2021,0,0
2021-09-24,24,Friday,9,September,3,2021,0,0
2021-09-25,25,Saturday,9,September,3,2021,1,0
2021-09-26,26,Sunday,9,September,3,2021,1,0
2021-09-27,27,Monday,9,September,3,2021,0,0
2021-09-28,28,Tuesday,9,September,3,2021,0,0
2021-09-29,29,Wednesday,9,September,3,2021,0,0
2021-09-30,30,Thursday,9,September,3,2021,0,0
2021-10-01,1,Friday,10,October,4,2021,0,0
2021-10-02,2,Saturday,10,October,4,2021,1,0
2021-10-03,3,Sunday,10,October,4,2021,1,0
2021-10-04,4,Monday,10,October,4,2021,0,0
2021-10-05,5,Tuesday,10,October,4,2021,0,0
2021-10-06,6,Wednesday,10,October,4,2021,0,0
2021-10-07,7,Thursday,10,October,4,2021,0,0
2021-10-08,8,Friday,10,October,4,2021,0,0
2021-10-09,9,Saturday,10,October,4,2021,1,0
2021-10-10,10,Sunday,10,October,4,2021,1,0
2021-10-11,11,Monday,10,October,4,2021,0,0
2021-10-12,12,Tuesday,10,October,4,2021,0,0
2021-10-13,13,Wednesday,10,October,4,2021,0,0
2021-10-14,14,Thursday,10,October,4,2021,0,0
2021-10-15,15,Friday,10,October,4,2021,0,0
2021-10-16,16,Saturday,10,October,4,2021,1,0
2021-10-17,17,Sunday,10,October,4,2021,1,0
2021-10-18,18,Monday,10,October,4,2021,0,0
2021-10-19,19,Tuesday,10,October,4,2021,0,0
2021-10-20,20,Wednesday,10,October,4,2021,0,0
2021-10-21,21,Thursday,10,October,4,2021,0,0
2021-10-22,22,Friday,10,October,4,2021,0,0
2021-10-23,23,Saturday,10,October,4,2021,1,0
2021-10-24,24,Sunday,10,October,4,2021,1,0
2021-10-25,25,Monday,10,October,4,2021,0,0
2021-10-26,26,Tuesday,10,October,4,2021,0,0
2021-10-27,27,Wednesday,10,October,4,2021,0,0
2021-10-28,28,Thursday,10,October,4,2021,0,0
2021-10-29,29,Friday,10,October,4,2021,0,0
2021-10-30,30,Saturday,10,October,4,2021,1,0
2021-10-31,31,Sunday,10,October,4,2021,1,0
2021-11-01,1,Monday,11,November,4,2021,0,0
2021-11-02,2,Tuesday,11,November,4,2021,0,0
2021-11-03,3,Wednesday,11,November,4,2021,0,0
2021-11-04,4,Thursday,11,November,4,2021,0,0
2021-11-05,5,Friday,11,November,4,2021,0,0
2021-11-06,6,Saturday,11,November,4,2021,1,0
2021-11-07,7,Sunday,11,November,4,2021,1,0
2021-11-08,8,Monday,11,November,4,2021,0,0
2021-11-09,9,Tuesday,11,November,4,2021,0,0
2021-11-10,10,Wednesday,11,November,4,2021,0,0
2021-11-11,11,Thursday,11,November,4,2021,0,0
2021-11-12,12,Friday,11,November,4,2021,0,0
2021-11-13,13,Saturday,11,November,4,2021,1,0
2021-11-14,14,Sunday,11,November,4,2021,1,0
2021-11-15,15,Monday,11,November,4,2021,0,0
2021-11-16,16,Tuesday,11,November,4,2021,0,0
2021-11-17,17,Wednesday,11,November,4,2021,0,0
2021-11-18,18,Thursday,11,November,4,2021,0,0
2021-11-19,19,Friday,11,November,4,2021,0,0
2021-11-20,20,Saturday,11,November,4,2021,1,0
2021-11-21,21,Sunday,11,November,4,2021,1,0
2021-11-22,22,Monday,11,November,4,2021,0,0
2021-11-23,23,Tuesday,11,November,4,2021,0,0
2021-11-24,24,Wednesday,11,November,4,2021,0,0
2021-11-25,25,Thursday,11,November,4,2021,0,0
2021-11-26,26,Friday,11,November,4,2021,0,0
2021-11-27,27,Saturday,11,November,4,2021,1,0
2021-11-28,28,Sunday,11,November,4,2021,1,0
2021-11-29,29,Monday,11,November,4,2021,0,0
2021-11-30,30,Tuesday,11,November,4,2021,0,0
2021-12-01,1,Wednesday,12,December,4,2021,0,0
2021-12-02,2,Thursday,12,December,4,2021,0,0
2021-12-03,3,Friday,12,December,4,2021,0,0
2021-12-04,4,Saturday,12,December,4,2021,1,0
2021-12-05,5,Sunday,12,December,4,2021,1,0
2021-12-06,6,Monday,12,December,4,2021,0,0
2021-12-07,7,Tuesday,12,December,4,2021,0,0
2021-12-08,8,Wednesday,12,December,4,2021,0,0
2021-12-09,9,Thursday,12,December,4,2021,0,0
2021-12-10,10,Friday,12,December,4,2021,0,0
2021-12-11,11,Saturday,12,December,4,2021,1,0
2021-12-12,12,Sunday,12,December,4,2021,1,0
2021-12-13,13,Monday,12,December,4,2021,0,0
2021-12-14,14,Tuesday,12,December,4,2021,0,0
2021-12-15,15,Wednesday,12,December,4,2021,0,0
2021-12-16,16,Thursday,12,December,4,2021,0,0
2021-12-17,17,Friday,12,December,4,2021,0,0
2021-12-18,18,Saturday,12,December,4,2021,1,0
2021-12-19,19,Sunday,12,December,4,2021,1,0
2021-12-20,20,Monday,12,December,4,2021,0,0
2021-12-21,21,Tuesday,12,December,4,2021,0,0
2021-12-22,22,Wednesday,12,December,4,2021,0,0
2021-12-23,23,Thursday,12,December,4,2021,0,0
2021-12-24,24,Friday,12,December,4,2021,0,0
2021-12-25,25,Saturday,12,December,4,2021,1,0
2021-12-26,26,Sunday,12,December,4,2021,1,0
2021-12-27,27,Monday,12,December,4,2021,0,0
2021-12-28,28,Tuesday,12,December,4,2021,0,0
2021-12-29,29,Wednesday,12,December,4,2021,0,0
2021-12-30,30,Thursday,12,December,4,2021,0,0
2021-12-31,31,Friday,12,December,4,2021,0,0
2022-01-01,1,Saturday,1,January,1,2022,1,0
2022-01-02,2,Sunday,1,January,1,2022,1,0
2022-01-03,3,Monday,1,January,1,2022,0,0
2022-01-04,4,Tuesday,1,January,1,2022,0,0
2022-01-05,5,Wednesday,1,January,1,2022,0,0
2022-01-06,6,Thursday,1,January,1,2022,0,0
2022-01-07,7,Friday,1,January,1,2022,0,0
2022-01-08,8,Saturday,1,January,1,2022,1,0
2022-01-09,9,Sunday,1,January,1,2022,1,0
2022-01-10,10,Monday,1,January,1,2022,0,0
2022-01-11,11,Tuesday,1,January,1,2022,0,0
2022-01-12,12,Wednesday,1,January,1,2022,0,0
2022-01-13,13,Thursday,1,January,1,2022,0,0
2022-01-14,14,Friday,1,January,1,2022,0,0
2022-01-15,15,Saturday,1,January,1,2022,1,0
2022-01-16,16,Sunday,1,January,1,2022,1,0
2022-01-17,17,Monday,1,January,1,2022,0,0
2022-01-18,18,Tuesday,1,January,1,2022,0,0
2022-01-19,19,Wednesday,1,January,1,2022,0,0
2022-01-20,20,Thursday,1,January,1,2022,0,0
2022-01-21,21,Friday,1,January,1,2022,0,0
2022-01-22,22,Saturday,1,January,1,2022,1,0
2022-01-23,23,Sunday,1,January,1,2022,1,0
2022-01-24,24,Monday,1,January,1,2022,0,0
2022-01-25,25,Tuesday,1,January,1,2022,0,0
2022-01-26,26,Wednesday,1,January,1,2022,0,0
2022-01-27,27,Thursday,1,January,1,2022,0,0
2022-01-28,28,Friday,1,January,1,2022,0,0
2022-01-29,29,Saturday,1,January,1,2022,1,0
2022-01-30,30,Sunday,1,January,1,2022,1,0
2022-01-31,31,Monday,1,January,1,2022,0,0
2022-02-01,1,Tuesday,2,February,1,2022,0,0
2022-02-02,2,Wednesday,2,February,1,2022,0,0
2022-02-03,3,Thursday,2,February,1,2022,0,0
2022-02-04,4,Friday,2,February,1,2022,0,0
2022-02-05,5,Saturday,2,February,1,2022,1,0
2022-02-06,6,Sunday,2,February,1,2022,1,0
2022-02-07,7,Monday,2,February,1,2022,0,0
2022-02-08,8,Tuesday,2,February,1,2022,0,0
2022-02-09,9,Wednesday,2,February,1,2022,0,0
2022-02-10,10,Thursday,2,February,1,2022,0,0
2022-02-11,11,Friday,2,February,1,2022,0,0
2022-02-12,12,Saturday,2,February,1,2022,1,0
2022-02-13,13,Sunday,2,February,1,2022,1,0
2022-02-14,14,Monday,2,February,1,2022,0,0
2022-02-15,15,Tuesday,2,February,1,2022,0,0
2022-02-16,16,Wednesday,2,February,1,2022,0,0
2022-02-17,17,Thursday,2,February,1,2022,0,0
2022-02-18,18,Friday,2,February,1,2022,0,0
2022-02-19,19,Saturday,2,February,1,2022,1,0
2022-02-20,20,Sunday,2,February,1,2022,1,0
2022-02-21,21,Monday,2,February,1,2022,0,0
2022-02-22,22,Tuesday,2,February,1,2022,0,0
2022-02-23,23,Wednesday,2,February,1,2022,0,0
2022-02-24,24,Thursday,2,February,1,2022,0,0
2022-02-25,25,Friday,2,February,1,2022,0,0
2022-02-26,26,Saturday,2,February,1,2022,1,0
2022-02-27,27,Sunday,2,February,1,2022,1,0
2022-02-28,28,Monday,2,February,1,2022,0,0
2022-03-01,1,Tuesday,3,March,1,2022,0,0
2022-03-02,2,Wednesday,3,March,1,2022,0,0
2022-03-03,3,Thursday,3,March,1,2022,0,0
2022-03-04,4,Friday,3,March,1,2022,0,0
2022-03-05,5,Saturday,3,March,1,2022,1,0
2022-03-06,6,Sunday,3,March,1,2022,1,0
2022-03-07,7,Monday,3,March,1,2022,0,0
2022-03-08,8,Tuesday,3,March,1,2022,0,0
2022-03-09,9,Wednesday,3,March,1,2022,0,0
2022-03-10,10,Thursday,3,March,1,2022,0,0
2022-03-11,11,Friday,3,March,1,2022,0,0
2022-03-12,12,Saturday,3,March,1,2022,1,0
2022-03-13,13,Sunday,3,March,1,2022,1,0
2022-03-14,14,Monday,3,March,1,2022,0,0
2022-03-15,15,Tuesday,3,March,1,2022,0,0
2022-03-16,16,Wednesday,3,March,1,2022,0,0
2022-03-17,17,Thursday,3,March,1,2022,0,0
2022-03-18,18,Friday,3,March,1,2022,0,0
2022-03-19,19,Saturday,3,March,1,2022,1,0
2022-03-20,20,Sunday,3,March,1,2022,1,0
2022-03-21,21,Monday,3,March,1,2022,0,0
2022-03-22,22,Tuesday,3,March,1,2022,0,0
2022-03-23,23,Wednesday,3,March,1,2022,0,0
2022-03-24,24,Thursday,3,March,1,2022,0,0
2022-03-25,25,Friday,3,March,1,2022,0,0
2022-03-26,26,Saturday,3,March,1,2022,1,0
2022-03-27,27,Sunday,3,March,1,2022,1,0
2022-03-28,28,Monday,3,March,1,2022,0,0
2022-03-29,29,Tuesday,3,March,1,2022,0,0
2022-03-30,30,Wednesday,3,March,1,2022,0,0
2022-03-31,31,Thursday,3,March,1,2022,0,0
2022-04-01,1,Friday,4,April,2,2022,0,0
2022-04-02,2,Saturday,4,April,2,2022,1,0
2022-04-03,3,Sunday,4,April,2,2022,1,0
2022-04-04,4,Monday,4,April,2,2022,0,0
2022-04-05,5,Tuesday,4,April,2,2022,0,0
2022-04-06,6,Wednesday,4,April,2,2022,0,0
2022-04-07,7,Thursday,4,April,2,2022,0,0
2022-04-08,8,Friday,4,April,2,2022,0,0
2022-04-09,9,Saturday,4,April,2,2022,1,0
2022-04-10,10,Sunday,4,April,2,2022,1,0
2022-04-11,11,Monday,4,April,2,2022,0,0
2022-04-12,12,Tuesday,4,April,2,2022,0,0
2022-04-13,13,Wednesday,4,April,2,2022,0,0
2022-04-14,14,Thursday,4,April,2,2022,0,0
2022-04-15,15,Friday,4,April,2,2022,0,0
2022-04-16,16,Saturday,4,April,2,2022,1,0
2022-04-17,17,Sunday,4,April,2,2022,1,0
2022-04-18,18,Monday,4,April,2,2022,0,0
2022-04-19,19,Tuesday,4,April,2,2022,0,0
2022-04-20,20,Wednesday,4,April,2,2022,0,0
2022-04-21,21,Thursday,4,April,2,2022,0,0
2022-04-22,22,Friday,4,April,2,2022,0,0
2022-04-23,23,Saturday,4,April,2,2022,1,0
2022-04-24,24,Sunday,4,April,2,2022,1,0
2022-04-25,25,Monday,4,April,2,2022,0,0
2022-04-26,26,Tuesday,4,April,2,2022,0,0
2022-04-27,27,Wednesday,4,April,2,2022,0,0
2022-04-28,28,Thursday,4,April,2,2022,0,0
2022-04-29,29,Friday,4,April,2,2022,0,0
2022-04-30,30,Saturday,4,April,2,2022,1,0
2022-05-01,1,Sunday,5,May,2,2022,1,0
2022-05-02,2,Monday,5,May,2,2022,0,0
2022-05-03,3,Tuesday,5,May,2,2022,0,0
2022-05-04,4,Wednesday,5,May,2,2022,0,0
2022-05-05,5,Thursday,5,May,2,2022,0,0
2022-05-06,6,Friday,5,May,2,2022,0,0
2022-05-07,7,Saturday,5,May,2,2022,1,0
2022-05-08,8,Sunday,5,May,2,2022,1,0
2022-05-09,9,Monday,5,May,2,2022,0,0
2022-05-10,10,Tuesday,5,May,2,2022,0,0
2022-05-11,11,Wednesday,5,May,2,2022,0,0
2022-05-12,12,Thursday,5,May,2,2022,0,0
2022-05-13,13,Friday,5,May,2,2022,0,0
2022-05-14,14,Saturday,5,May,2,2022,1,0
2022-05-15,15,Sunday,5,May,2,2022,1,0
2022-05-16,16,Monday,5,May,2,2022,0,0
2022-05-17,17,Tuesday,5,May,2,2022,0,0
2022-05-18,18,Wednesday,5,May,2,2022,0,0
2022-05-19,19,Thursday,5,May,2,2022,0,0
2022-05-20,20,Friday,5,May,2,2022,0,0
2022-05-21,21,Saturday,5,May,2,2022,1,0
2022-05-22,22,Sunday,5,May,2,2022,1,0
2022-05-23,23,Monday,5,May,2,2022,0,0
2022-05-24,24,Tuesday,5,May,2,2022,0,0
2022-05-25,25,Wednesday,5,May,2,2022,0,0
2022-05-26,26,Thursday,5,May,2,2022,0,0
2022-05-27,27,Friday,5,May,2,2022,0,0
2022-05-28,28,Saturday,5,May,2,2022,1,0
2022-05-29,29,Sunday,5,May,2,2022,1,0
2022-05-30,30,Monday,5,May,2,2022,0,0
2022-05-31,31,Tuesday,5,May,2,2022,0,0
2022-06-01,1,Wednesday,6,June,2,2022,0,0
2022-06-02,2,Thursday,6,June,2,2022,0,0
2022-06-03,3,Friday,6,June,2,2022,0,0
2022-06-04,4,Saturday,6,June,2,2022,1,0
2022-06-05,5,Sunday,6,June,2,2022,1,0
2022-06-06,6,Monday,6,June,2,2022,0,0
2022-06-07,7,Tuesday,6,June,2,2022,0,0
2022-06-08,8,Wednesday,6,June,2,2022,0,0
2022-06-09,9,Thursday,6,June,2,2022,0,0
2022-06-10,10,Friday,6,June,2,2022,0,0
2022-06-11,11,Saturday,6,June,2,2022,1,0
2022-06-12,12,Sunday,6,June,2,2022,1,0
2022-06-13,13,Monday,6,June,2,2022,0,0
2022-06-14,14,Tuesday,6,June,2,2022,0,0
2022-06-15,15,Wednesday,6,June,2,2022,0,0
2022-06-16,16,Thursday,6,June,2,2022,0,0
2022-06-17,17,Friday,6,June,2,2022,0,0
2022-06-18,18,Saturday,6,June,2,2022,1,0
2022-06-19,19,Sunday,6,June,2,2022,1,0
2022-06-20,20,Monday,6,June,2,2022,0,0
2022-06-21,21,Tuesday,6,June,2,2022,0,0
2022-06-22,22,Wednesday,6,June,2,2022,0,0
2022-06-23,23,Thursday,6,June,2,2022,0,0
2022-06-24,24,Friday,6,June,2,2022,0,0
2022-06-25,25,Saturday,6,June,2,2022,1,0
2022-06-26,26,Sunday,6,June,2,2022,1,0
2022-06-27,27,Monday,6,June,2,2022,0,0
2022-06-28,28,Tuesday,6,June,2,2022,0,0
2022-06-29,29,Wednesday,6,June,2,2022,0,0
2022-06-30,30,Thursday,6,June,2,2022,0,0
2022-07-01,1,Friday,7,July,3,2022,0,0
2022-07-02,2,Saturday,7,July,3,2022,1,0
2022-07-03,3,Sunday,7,July,3,2022,1,0
2022-07-04,4,Monday,7,July,3,2022,0,0
2022-07-05,5,Tuesday,7,July,3,2022,0,0
2022-07-06,6,Wednesday,7,July,3,2022,0,0
2022-07-07,7,Thursday,7,July,3,2022,0,0
2022-07-08,8,Friday,7,July,3,2022,0,0
2022-07-09,9,Saturday,7,July,3,2022,1,0
2022-07-10,10,Sunday,7,July,3,2022,1,0
2022-07-11,11,Monday,7,July,3,2022,0,0
2022-07-12,12,Tuesday,7,July,3,2022,0,0
2022-07-13,13,Wednesday,7,July,3,2022,0,0
2022-07-14,14,Thursday,7,July,3,2022,0,0
2022-07-15,15,Friday,7,July,3,2022,0,0
2022-07-16,16,Saturday,7,July,3,2022,1,0
2022-07-17,17,Sunday,7,July,3,2022,1,0
2022-07-18,18,Monday,7,July,3,2022,0,0
2022-07-19,19,Tuesday,7,July,3,2022,0,0
2022-07-20,20,Wednesday,7,July,3,2022,0,0
2022-07-21,21,Thursday,7,July,3,2022,0,0
2022-07-22,22,Friday,7,July,3,2022,0,0
2022-07-23,23,Saturday,7,July,3,2022,1,0
2022-07-24,24,Sunday,7,July,3,2022,1,0
2022-07-25,25,Monday,7,July,3,2022,0,0
2022-07-26,26,Tuesday,7,July,3,2022,0,0
2022-07-27,27,Wednesday,7,July,3,2022,0,0
2022-07-28,28,Thursday,7,July,3,2022,0,0
2022-07-29,29,Friday,7,July,3,2022,0,0
2022-07-30,30,Saturday,7,July,3,2022,1,0
2022-07-31,31,Sunday,7,July,3,2022,1,0
2022-08-01,1,Monday,8,August,3,2022,0,0
2022-08-02,2,Tuesday,8,August,3,2022,0,0
2022-08-03,3,Wednesday,8,August,3,2022,0,0
2022-08-04,4,Thursday,8,August,3,2022,0,0
2022-08-05,5,Friday,8,August,3,2022,0,0
2022-08-06,6,Saturday,8,August,3,2022,1,0
2022-08-07,7,Sunday,8,August,3,2022,1,0
2022-08-08,8,Monday,8,August,3,2022,0,0
2022-08-09,9,Tuesday,8,August,3,2022,0,0
2022-08-10,10,Wednesday,8,August,3,2022,0,0
2022-08-11,11,Thursday,8,August,3,2022,0,0
2022-08-12,12,Friday,8,August,3,2022,0,0
2022-08-13,13,Saturday,8,August,3,2022,1,0
2022-08-14,14,Sunday,8,August,3,2022,1,0
2022-08-15,15,Monday,8,August,3,2022,0,0
2022-08-16,16,Tuesday,8,August,3,2022,0,0
2022-08-17,17,Wednesday,8,August,3,2022,0,0
2022-08-18,18,Thursday,8,August,3,2022,0,0
2022-08-19,19,Friday,8,August,3,2022,0,0
2022-08-20,20,Saturday,8,August,3,2022,1,0
2022-08-21,21,Sunday,8,August,3,2022,1,0
2022-08-22,22,Monday,8,August,3,2022,0,0
2022-08-23,23,Tuesday,8,August,3,2022,0,0
2022-08-24,24,Wednesday,8,August,3,2022,0,0
2022-08-25,25,Thursday,8,August,3,2022,0,0
2022-08-26,26,Friday,8,August,3,2022,0,0
2022-08-27,27,Saturday,8,August,3,2022,1,0
2022-08-28,28,Sunday,8,August,3,2022,1,0
2022-08-29,29,Monday,8,August,3,2022,0,0
2022-08-30,30,Tuesday,8,August,3,2022,0,0
2022-08-31,31,Wednesday,8,August,3,2022,0,0
2022-09-01,1,Thursday,9,September,3,2022,0,0
2022-09-02,2,Friday,9,September,3,2022,0,0
2022-09-03,3,Saturday,9,September,3,2022,1,0
2022-09-04,4,Sunday,9,September,3,2022,1,0
2022-09-05,5,Monday,9,September,3,2022,0,0
2022-09-06,6,Tuesday,9,September,3,2022,0,0
2022-09-07,7,Wednesday,9,September,3,2022,0,0
2022-09-08,8,Thursday,9,September,3,2022,0,0
2022-09-09,9,Friday,9,September,3,2022,0,0
2022-09-10,10,Saturday,9,September,3,2022,1,0
2022-09-11,11,Sunday,9,September,3,2022,1,0
2022-09-12,12,Monday,9,September,3,2022,0,0
2022-09-13,13,Tuesday,9,September,3,2022,0,0
2022-09-14,14,Wednesday,9,September,3,2022,0,0
2022-09-15,15,Thursday,9,September,3,2022,0,0
2022-09-16,16,Friday,9,September,3,2022,0,0
2022-09-17,17,Saturday,9,September,3,2022,1,0
2022-09-18,18,Sunday,9,September,3,2022,1,0
2022-09-19,19,Monday,9,September,3,2022,0,0
2022-09-20,20,Tuesday,9,September,3,2022,0,0
2022-09-21,21,Wednesday,9,September,3,2022,0,0
2022-09-22,22,Thursday,9,September,3,2022,0,0
2022-09-23,23,Friday,9,September,3,2022,0,0
2022-09-24,24,Saturday,9,September,3,2022,1,0
2022-09-25,25,Sunday,9,September,3,2022,1,0
2022-09-26,26,Monday,9,September,3,2022,0,0
2022-09-27,27,Tuesday,9,September,3,2022,0,0
2022-09-28,28,Wednesday,9,September,3,2022,0,0
2022-09-29,29,Thursday,9,September,3,2022,0,0
2022-09-30,30,Friday,9,September,3,2022,0,0
2022-10-01,1,Saturday,10,October,4,2022,1,0
2022-10-02,2,Sunday,10,October,4,2022,1,0
2022-10-03,3,Monday,10,October,4,2022,0,0
2022-10-04,4,Tuesday,10,October,4,2022,0,0
2022-10-05,5,Wednesday,10,October,4,2022,0,0
2022-10-06,6,Thursday,10,October,4,2022,0,0
2022-10-07,7,Friday,10,October,4,2022,0,0
2022-10-08,8,Saturday,10,October,4,2022,1,0
2022-10-09,9,Sunday,10,October,4,2022,1,0
2022-10-10,10,Monday,10,October,4,2022,0,0
2022-10-11,11,Tuesday,10,October,4,2022,0,0
2022-10-12,12,Wednesday,10,October,4,2022,0,0
2022-10-13,13,Thursday,10,October,4,2022,0,0
2022-10-14,14,Friday,10,October,4,2022,0,0
2022-10-15,15,Saturday,10,October,4,2022,1,0
2022-10-16,16,Sunday,10,October,4,2022,1,0
2022-10-17,17,Monday,10,October,4,2022,0,0
2022-10-18,18,Tuesday,10,October,4,2022,0,0
2022-10-19,19,Wednesday,10,October,4,2022,0,0
2022-10-20,20,Thursday,10,October,4,2022,0,0
2022-10-21,21,Friday,10,October,4,2022,0,0
2022-10-22,22,Saturday,10,October,4,2022,1,0
2022-10-23,23,Sunday,10,October,4,2022,1,0
2022-10-24,24,Monday,10,October,4,2022,0,0
2022-10-25,25,Tuesday,10,October,4,2022,0,0
2022-10-26,26,Wednesday,10,October,4,2022,0,0
2022-10-27,27,Thursday,10,October,4,2022,0,0
2022-10-28,28,Friday,10,October,4,2022,0,0
2022-10-29,29,Saturday,10,October,4,2022,1,0
2022-10-30,30,Sunday,10,October,4,2022,1,0
2022-10-31,31,Monday,10,October,4,2022,0,0
2022-11-01,1,Tuesday,11,November,4,2022,0,0
2022-11-02,2,Wednesday,11,November,4,2022,0,0
2022-11-03,3,Thursday,11,November,4,2022,0,0
2022-11-04,4,Friday,11,November,4,2022,0,0
2022-11-05,5,Saturday,11,November,4,2022,1,0
2022-11-06,6,Sunday,11,November,4,2022,1,0
2022-11-07,7,Monday,11,November,4,2022,0,0
2022-11-08,8,Tuesday,11,November,4,2022,0,0
2022-11-09,9,Wednesday,11,November,4,2022,0,0
2022-11-10,10,Thursday,11,November,4,2022,0,0
2022-11-11,11,Friday,11,November,4,2022,0,0
2022-11-12,12,Saturday,11,November,4,2022,1,0
2022-11-13,13,Sunday,11,November,4,2022,1,0
2022-11-14,14,Monday,11,November,4,2022,0,0
2022-11-15,15,Tuesday,11,November,4,2022,0,0
2022-11-16,16,Wednesday,11,November,4,2022,0,0
2022-11-17,17,Thursday,11,November,4,2022,0,0
2022-11-18,18,Friday,11,November,4,2022,0,0
2022-11-19,19,Saturday,11,November,4,2022,1,0
2022-11-20,20,Sunday,11,November,4,2022,1,0
2022-11-21,21,Monday,11,November,4,2022,0,0
2022-11-22,22,Tuesday,11,November,4,2022,0,0
2022-11-23,23,Wednesday,11,November,4,2022,0,0
2022-11-24,24,Thursday,11,November,4,2022,0,0
2022-11-25,25,Friday,11,November,4,2022,0,0
2022-11-26,26,Saturday,11,November,4,2022,1,0
2022-11-27,27,Sunday,11,November,4,2022,1,0
2022-11-28,28,Monday,11,November,4,2022,0,0
2022-11-29,29,Tuesday,11,November,4,2022,0,0
2022-11-30,30,Wednesday,11,November,4,2022,0,0
2022-12-01,1,Thursday,12,December,4,2022,0,0
2022-12-02,2,Friday,12,December,4,2022,0,0
2022-12-03,3,Saturday,12,December,4,2022,1,0
2022-12-04,4,Sunday,12,December,4,2022,1,0
2022-12-05,5,Monday,12,December,4,2022,0,0
2022-12-06,6,Tuesday,12,December,4,2022,0,0
2022-12-07,7,Wednesday,12,December,4,2022,0,0
2022-12-08,8,Thursday,12,December,4,2022,0,0
2022-12-09,9,Friday,12,December,4,2022,0,0
2022-12-10,10,Saturday,12,December,4,2022,1,0
2022-12-11,11,Sunday,12,December,4,2022,1,0
2022-12-12,12,Monday,12,December,4,2022,0,0
2022-12-13,13,Tuesday,12,December,4,2022,0,0
2022-12-14,14,Wednesday,12,December,4,2022,0,0
2022-12-15,15,Thursday,12,December,4,2022,0,0
2022-12-16,16,Friday,12,December,4,2022,0,0
2022-12-17,17,Saturday,12,December,4,2022,1,0
2022-12-18,18,Sunday,12,December,4,2022,1,0
2022-12-19,19,Monday,12,December,4,2022,0,0
2022-12-20,20,Tuesday,12,December,4,2022,0,0
2022-12-21,21,Wednesday,12,December,4,2022,0,0
2022-12-22,22,Thursday,12,December,4,2022,0,0
2022-12-23,23,Friday,12,December,4,2022,0,0
2022-12-24,24,Saturday,12,December,4,2022,1,0
2022-12-25,25,Sunday,12,December,4,2022,1,0
2022-12-26,26,Monday,12,December,4,2022,0,0
2022-12-27,27,Tuesday,12,December,4,2022,0,0
2022-12-28,28,Wednesday,12,December,4,2022,0,0
2022-12-29,29,Thursday,12,December,4,2022,0,0
2022-12-30,30,Friday,12,December,4,2022,0,0
2022-12-31,31,Saturday,12,December,4,2022,1,0
